{"cameraMode":{"drawMode":0,"name":"Shaded","section":"Shading Mode"},"sceneLighting":true,"audioPlay":false,"sceneViewState":{"showFog":true,"showMaterialUpdate":false,"showSkybox":false,"showFlares":true,"showImageEffects":true,"showParticleSystems":true},"in2DMode":false,"pivot":{"x":0.019999980926513673,"y":-2.5500001907348635,"z":0.0},"rotation":{"x":-0.10958262532949448,"y":0.011029974557459355,"z":-0.0012162051862105728,"w":-0.9939175248146057},"size":40.010372161865237,"orthographic":false}